{"version":"0.4","title":"Blog Posts ( 2017-11-23 )","type":"page","content":[{"id":"1135bae4","settings":{"stretch_section":"section-stretched","layout":"full_width","content_position":"middle"},"elements":[{"id":"75d09edd","settings":{"_column_size":100},"elements":[{"id":"146ded95","settings":{"title":"OUR STORIES","size":"large","align":"center","title_color":"#2b2b2b","_margin":{"unit":"px","top":"0","right":"0","bottom":"0","left":"0","isLinked":true},"_padding":{"unit":"px","top":"50","right":"50","bottom":"50","left":"50","isLinked":true}},"elements":[],"isInner":false,"widgetType":"heading","elType":"widget"}],"isInner":false,"elType":"column"}],"isInner":false,"elType":"section"},{"id":"29c0b292","settings":[],"elements":[{"id":"4f50d5c","settings":{"_column_size":100},"elements":[{"id":"a7e9cfa","settings":{"jv_bpd_block2_title":"NEW POSTS","jv_bpd_block2_post_type":"","jv_bpd_block2_post_filter":"category","jv_bpd_block2_column":"3","jv_bpd_block2_contents_length":"20","jv_bpd_block2_count":"12","jv_bpd_block2_order_type":"ASC","_animation":"fadeIn","animation_duration":"slow","filter_title_text_transform":"capitalize","filter_title_font_size":{"unit":"px","size":20},"filter_title_color":"#000000","filter_primary_color":"#444444","filter_tax_size":{"unit":"px","size":14},"filter_tax_color":"#7c7c7c","title_font_size":{"unit":"px","size":19},"jv_bpd_block2_filter_style":"linear","_background_background":"classic","_background_color":"#edeff5","custom_css":"","jv_bpd_block_num":"block1","jv_bpd_block2_loading_style":"rect","filter_overlay_color":"rgba(237,239,245,0.82)"},"elements":[],"isInner":false,"widgetType":"jvbpd-block2","elType":"widget"}],"isInner":false,"elType":"column"}],"isInner":false,"elType":"section"}],"page_settings":{"background_background":"classic","background_color":"#edeff5"}}