{"version":"0.4","title":"Contact us","type":"page","content":[{"id":"7f7e3b02","settings":{"stretch_section":"section-stretched","layout":"full_width","content_position":"middle","background_background":"classic","background_image":{"id":9730,"url":"http:\/\/lp-demo1.myjavo.com\/wp-content\/uploads\/sites\/21\/2017\/11\/contact-us-1.jpg"},"background_position":"top center"},"elements":[{"id":"35de21fe","settings":{"_column_size":100,"_inline_size":null},"elements":[{"id":"4def717a","settings":{"space":{"unit":"px","size":180}},"elements":[],"isInner":false,"widgetType":"spacer","elType":"widget"},{"id":"1d237b8d","settings":{"title":"GET IN TOUCH WITH US","size":"xl","align":"center","title_color":"#ffffff","typography_typography":"custom","typography_font_size":{"unit":"px","size":38},"typography_font_size_mobile":{"unit":"px","size":25},"typography_font_family":"Raleway","typography_font_weight":"700"},"elements":[],"isInner":false,"widgetType":"heading","elType":"widget"},{"id":"46e9c4bb","settings":{"space":{"unit":"px","size":30}},"elements":[],"isInner":false,"widgetType":"spacer","elType":"widget"},{"id":"1aea704","settings":{"title":"Say Hello! Don\u2019t be shy.","size":"small","header_size":"span","align":"center","title_color":"#ffffff","typography_typography":"custom","typography_font_size":{"unit":"px","size":17},"typography_font_size_mobile":{"unit":"px","size":15},"typography_font_family":"Raleway"},"elements":[],"isInner":false,"widgetType":"heading","elType":"widget"},{"id":"6e4a758","settings":{"space":{"unit":"px","size":150}},"elements":[],"isInner":false,"widgetType":"spacer","elType":"widget"}],"isInner":false,"elType":"column"}],"isInner":false,"elType":"section"},{"id":"725b2c51","settings":[],"elements":[{"id":"20a56471","settings":{"_column_size":100},"elements":[{"id":"54eedc6a","settings":{"space":{"unit":"px","size":40}},"elements":[],"isInner":false,"widgetType":"spacer","elType":"widget"}],"isInner":false,"elType":"column"}],"isInner":false,"elType":"section"},{"id":"6b50bbf7","settings":{"structure":"21"},"elements":[{"id":"3400c09e","settings":{"_column_size":33,"_inline_size":null},"elements":[{"id":"14829359","settings":{"title":"GET IN TOUCH WITH US","header_size":"h3","align":"left","title_color":"#506ac5","typography_typography":"custom","typography_font_size":{"unit":"px","size":24},"typography_line_height":{"unit":"px","size":35}},"elements":[],"isInner":false,"widgetType":"heading","elType":"widget"},{"id":"1258d8f1","settings":{"editor":"<p>OUR OFFICE<br \/> 198 West 21th Street, Suite 721<br \/> New York, NY 10010<br \/> Email: youremail@yourdomain.com<br \/> Phone: +88 (0) 101 0000 000<br \/> Fax: +88 (0) 202 0000 001<\/p>","typography_typography":"custom","typography_font_size":{"unit":"px","size":15},"typography_line_height":{"unit":"px","size":25}},"elements":[],"isInner":false,"widgetType":"text-editor","elType":"widget"},{"id":"2ad6bbda","settings":{"gap":"no","structure":"70"},"elements":[{"id":"26e822e","settings":{"_column_size":14,"_inline_size":null},"elements":[{"id":"88adec2","settings":{"icon":"fa fa-facebook-square","link":{"url":"https:\/\/facebook.com","is_external":"","nofollow":""},"align":"left","primary_color":"#454545","size":{"unit":"px","size":32},"rotate":{"unit":"deg","size":""},"_padding":{"unit":"px","top":"0","right":"0","bottom":"0","left":"0","isLinked":true}},"elements":[],"isInner":false,"widgetType":"icon","elType":"widget"}],"isInner":true,"elType":"column"},{"id":"60cca60","settings":{"_column_size":14,"_inline_size":null},"elements":[{"id":"2ef289fc","settings":{"icon":"fa fa-twitter-square","align":"left","primary_color":"#454545","size":{"unit":"px","size":32},"rotate":{"unit":"deg","size":""}},"elements":[],"isInner":false,"widgetType":"icon","elType":"widget"}],"isInner":true,"elType":"column"},{"id":"2d29704e","settings":{"_column_size":14,"_inline_size":null},"elements":[{"id":"445bb418","settings":{"icon":"fa fa-instagram","align":"left","primary_color":"#454545","size":{"unit":"px","size":32},"rotate":{"unit":"deg","size":""}},"elements":[],"isInner":false,"widgetType":"icon","elType":"widget"}],"isInner":true,"elType":"column"},{"id":"1014d343","settings":{"_column_size":14,"_inline_size":null},"elements":[{"id":"23d44795","settings":{"icon":"fa fa-pinterest-square","align":"left","primary_color":"#454545","size":{"unit":"px","size":32},"rotate":{"unit":"deg","size":""}},"elements":[],"isInner":false,"widgetType":"icon","elType":"widget"}],"isInner":true,"elType":"column"},{"id":"4118e0cc","settings":{"_column_size":14,"_inline_size":null},"elements":[{"id":"1c5d4a57","settings":{"icon":"fa fa-tumblr-square","align":"left","primary_color":"#454545","size":{"unit":"px","size":32},"rotate":{"unit":"deg","size":""}},"elements":[],"isInner":false,"widgetType":"icon","elType":"widget"}],"isInner":true,"elType":"column"},{"id":"374fbe45","settings":{"_column_size":14,"_inline_size":null},"elements":[],"isInner":true,"elType":"column"},{"id":"f6792fd","settings":{"_column_size":14,"_inline_size":null},"elements":[],"isInner":true,"elType":"column"}],"isInner":true,"elType":"section"}],"isInner":false,"elType":"column"},{"id":"7189638f","settings":{"_column_size":66,"_inline_size":null},"elements":[{"id":"10abb9cf","settings":{"cf7":"9576","inputsubmit":"background:#506ac5;\nborder:none;\nborder-radius:0;\npadding: 15px 30px;\nfont-weight:600;\nfont-family: 'Poppins',sans-serif;\nfont-size: 16px;\nline-height: 22px;"},"elements":[],"isInner":false,"widgetType":"jvbpd-section-cf7","elType":"widget"}],"isInner":false,"elType":"column"}],"isInner":false,"elType":"section"},{"id":"39402d71","settings":[],"elements":[{"id":"64df5a28","settings":{"_column_size":100},"elements":[{"id":"73a65663","settings":{"space":{"unit":"px","size":30}},"elements":[],"isInner":false,"widgetType":"spacer","elType":"widget"}],"isInner":false,"elType":"column"}],"isInner":false,"elType":"section"},{"id":"3aeed475","settings":{"stretch_section":"section-stretched","layout":"full_width"},"elements":[{"id":"2bc91ee3","settings":{"_column_size":100,"_inline_size":null,"padding":{"unit":"px","top":"0","right":"0","bottom":"0","left":"0","isLinked":true}},"elements":[{"id":"10c9d1f0","settings":{"address":"51\u00b030'25.2\"N 0\u00b008'13.5\"W","zoom":{"unit":"px","size":15},"prevent_scroll":""},"elements":[],"isInner":false,"widgetType":"google_maps","elType":"widget"}],"isInner":false,"elType":"column"}],"isInner":false,"elType":"section"}]}