{"version":"0.4","title":"Home &#8211; Demo 1","type":"page","content":[{"id":"67c99c79","settings":{"stretch_section":"section-stretched","layout":"full_width","height":"min-height","content_position":"middle","background_background":"video","background_overlay_background":"gradient","background_overlay_color":"#00236b","custom_height":{"unit":"px","size":770},"background_video_link":"http:\/\/s3-us-west-1.amazonaws.com\/listopia\/wp-content\/uploads\/sites\/3\/2017\/10\/11081923\/City-hongkong.mp4","background_color":"#4054b2","background_overlay_color_stop":{"unit":"%","size":3},"background_overlay_color_b":"rgba(30,115,190,0.23)","background_overlay_color_b_stop":{"unit":"%","size":36}},"elements":[{"id":"323cb2c7","settings":{"_column_size":100,"_inline_size":null},"elements":[{"id":"62823a35","settings":{"title":"EXPLORE OUR CITY","size":"xl","align":"center","title_color":"#ffffff","typography_typography":"custom","typography_font_size":{"unit":"px","size":60},"typography_line_height":{"unit":"px","size":""}},"elements":[],"isInner":false,"widgetType":"heading","elType":"widget"},{"id":"1a8e713c","settings":{"title":"Please add a keyword you are looking for.","header_size":"div","align":"center","title_color":"#ffffff","typography_typography":"custom","typography_font_size":{"unit":"px","size":18},"typography_line_height":{"unit":"px","size":20},"_margin":{"unit":"px","top":"40","right":"0","bottom":"45","left":"0","isLinked":false}},"elements":[],"isInner":false,"widgetType":"heading","elType":"widget"},{"id":"4a6ffa78","settings":{"gap":"wider","padding":{"unit":"px","top":"0","right":"0","bottom":"0","left":"0","isLinked":false},"padding_tablet":{"unit":"px","top":"0","right":"0","bottom":"0","left":"0","isLinked":true},"padding_mobile":{"unit":"px","top":"0","right":"0","bottom":"0","left":"0","isLinked":true},"structure":"34"},"elements":[{"id":"79523794","settings":{"_column_size":16,"_inline_size":null},"elements":[],"isInner":true,"elType":"column"},{"id":"6186bf4","settings":{"_column_size":66,"_inline_size":null},"elements":[{"id":"17293bf0","settings":{"_margin":{"unit":"px","top":"0","right":"0","bottom":"0","left":"0","isLinked":false},"_margin_tablet":{"unit":"px","top":"0","right":"0","bottom":"0","left":"0","isLinked":true},"_margin_mobile":{"unit":"px","top":"0","right":"0","bottom":"0","left":"0","isLinked":true},"column1":"ajax_search","query_requester":"9300"},"elements":[],"isInner":false,"widgetType":"jvbpd-search-from-listing","elType":"widget"}],"isInner":true,"elType":"column"},{"id":"50b90fc7","settings":{"_column_size":16,"_inline_size":null},"elements":[],"isInner":true,"elType":"column"}],"isInner":true,"elType":"section"}],"isInner":false,"elType":"column"}],"isInner":false,"elType":"section"},{"id":"9825e94","settings":{"stretch_section":"section-stretched","layout":"full_width"},"elements":[{"id":"1270c474","settings":{"_column_size":100,"_inline_size":null},"elements":[{"id":"51c5c89c","settings":{"space":{"unit":"px","size":67}},"elements":[],"isInner":false,"widgetType":"spacer","elType":"widget"},{"id":"55f4d7f4","settings":{"title":"EXPLORE YOUR CATEGORY\n","header_size":"h3","align":"center","title_color":"#454545","typography_typography":"custom","typography_font_size":{"unit":"px","size":26},"typography_font_family":"Poppins","typography_font_weight":"bold","typography_line_height":{"unit":"px","size":66},"typography_letter_spacing":{"unit":"px","size":1},"typography_line_height_mobile":{"unit":"px","size":30}},"elements":[],"isInner":false,"widgetType":"heading","elType":"widget"},{"id":"31c29d06","settings":{"title":"Lorem Ipsum is simply dummy text of the printing and typesetting industry\n","size":"medium","header_size":"p","align":"center","title_color":"#454545","typography_typography":"custom","typography_font_size":{"unit":"px","size":16},"typography_font_family":"Poppins","typography_font_weight":"400"},"elements":[],"isInner":false,"widgetType":"heading","elType":"widget"},{"id":"510f5724","settings":{"structure":"30"},"elements":[{"id":"716b99ef","settings":{"_column_size":33,"_inline_size":null},"elements":[{"id":"263afe53","settings":{"block_title":"BEAUTY","block_des":"Best Beauty In This City","image_size":"1-3","image":{"id":9857,"url":"http:\/\/lp-demo1.myjavo.com\/wp-content\/uploads\/sites\/21\/2017\/11\/beauty-cate.jpg"},"landing_page_parameter":"?category=Beauty%20%26%20Spa","overlay_color":"#4054b2","title_color":"#ffffff","des_color":"#ffffff","cf7_redirect_page":"24","landing_page":"9300","landing_listing_page":"9300","taxonomy":"listing_category","listing_category_term":"beauty-spa"},"elements":[],"isInner":false,"widgetType":"jvbpd-category-block","elType":"widget"}],"isInner":true,"elType":"column"},{"id":"1ac2e60b","settings":{"_column_size":33,"_inline_size":null},"elements":[{"id":"21b1e430","settings":{"block_title":"HEALTH","block_des":"Best Health In This City","image_size":"1-3","image":{"id":9858,"url":"http:\/\/lp-demo1.myjavo.com\/wp-content\/uploads\/sites\/21\/2017\/11\/shoes-cate.jpg"},"landing_page":"9300","landing_page_parameter":"?category=Health%20%26%20Medical","overlay_color":"#4054b2","title_color":"#ffffff","des_color":"#ffffff","cf7_redirect_page":"24","landing_listing_page":"9300","taxonomy":"listing_category","listing_category_term":"health-medical"},"elements":[],"isInner":false,"widgetType":"jvbpd-category-block","elType":"widget"}],"isInner":true,"elType":"column"},{"id":"6fad100d","settings":{"_column_size":33,"_inline_size":null},"elements":[{"id":"7b4e2740","settings":{"block_title":"ENTERTAINMENT","block_des":"Best Entertainment In This City","image_size":"1-3","image":{"id":9859,"url":"http:\/\/lp-demo1.myjavo.com\/wp-content\/uploads\/sites\/21\/2017\/11\/sports2-cate.jpg"},"landing_page":"9300","landing_page_parameter":"?category=Arts%20%26%20Entertainment","overlay_color":"#4054b2","title_color":"#ffffff","des_color":"#ffffff","cf7_redirect_page":"24","landing_listing_page":"9300","taxonomy":"listing_category","listing_category_term":"arts-entertainment"},"elements":[],"isInner":false,"widgetType":"jvbpd-category-block","elType":"widget"}],"isInner":true,"elType":"column"}],"isInner":true,"elType":"section"},{"id":"38cfa14f","settings":{"structure":"22"},"elements":[{"id":"5cefbaf0","settings":{"_column_size":66,"_inline_size":null},"elements":[{"id":"741d9bdd","settings":{"block_title":"RESTAURANT","block_des":"Best Restaurant In This City","image_size":"2-3","image":{"id":9860,"url":"http:\/\/lp-demo1.myjavo.com\/wp-content\/uploads\/sites\/21\/2017\/11\/bread-cate.jpg"},"landing_page_parameter":"?category=Restaurant","overlay_color":"#4054b2","title_color":"#ffffff","des_color":"#ffffff","cf7_redirect_page":"24","landing_page":"9300","block_height":{"unit":"px","size":""},"block_max_width":{"unit":"px","size":730},"landing_listing_page":"9300","taxonomy":"listing_category","listing_category_term":"restaurant"},"elements":[],"isInner":false,"widgetType":"jvbpd-category-block","elType":"widget"}],"isInner":true,"elType":"column"},{"id":"fbac636","settings":{"_column_size":33,"_inline_size":null},"elements":[{"id":"6d2b21cf","settings":{"block_title":"FOOD","block_des":"Best Food In This City","image_size":"1-3","image":{"id":9861,"url":"http:\/\/lp-demo1.myjavo.com\/wp-content\/uploads\/sites\/21\/2017\/11\/bears-cate.jpg"},"landing_page":"9300","landing_page_parameter":"?category=Restaurant","overlay_color":"#4054b2","title_color":"#ffffff","des_color":"#ffffff","cf7_redirect_page":"24","landing_listing_page":"9300","taxonomy":"listing_category","listing_category_term":"restaurant"},"elements":[],"isInner":false,"widgetType":"jvbpd-category-block","elType":"widget"}],"isInner":true,"elType":"column"}],"isInner":true,"elType":"section"},{"id":"4e5553d6","settings":{"structure":"21"},"elements":[{"id":"dfaa53c","settings":{"_column_size":33,"_inline_size":null},"elements":[{"id":"6f794f38","settings":{"block_title":"FOOD","block_des":"Best Food In This City","image_size":"1-3","image":{"id":9862,"url":"http:\/\/lp-demo1.myjavo.com\/wp-content\/uploads\/sites\/21\/2017\/11\/health-snack-cate.jpg"},"landing_page_parameter":"?category=Restaurant","overlay_color":"#4054b2","title_color":"#ffffff","des_color":"#ffffff","cf7_redirect_page":"24","landing_page":"9300","landing_listing_page":"9300","taxonomy":"listing_category","listing_category_term":"restaurant"},"elements":[],"isInner":false,"widgetType":"jvbpd-category-block","elType":"widget"}],"isInner":true,"elType":"column"},{"id":"7b95ceea","settings":{"_column_size":66,"_inline_size":null},"elements":[{"id":"12c1ac1b","settings":{"block_title":"HOTEL","block_des":"Best hotel In This City","image_size":"2-3","image":{"id":9863,"url":"http:\/\/lp-demo1.myjavo.com\/wp-content\/uploads\/sites\/21\/2017\/11\/coffeeshop-cate.jpg"},"landing_page":"9300","landing_page_parameter":"?category=Hotels%20%26%20Travel","overlay_color":"#4054b2","title_color":"#ffffff","des_color":"#ffffff","cf7_redirect_page":"24","block_height":{"unit":"px","size":""},"block_max_width":{"unit":"px","size":730},"landing_listing_page":"9300","taxonomy":"listing_category","listing_category_term":"hotels-travel"},"elements":[],"isInner":false,"widgetType":"jvbpd-category-block","elType":"widget"}],"isInner":true,"elType":"column"}],"isInner":true,"elType":"section"},{"id":"5745abcd","settings":{"structure":"30"},"elements":[{"id":"35cd0f37","settings":{"_column_size":33,"_inline_size":null},"elements":[{"id":"369ece9d","settings":{"block_title":"TRAVEL","block_des":"Best travel In This City","image_size":"1-3","image":{"id":9864,"url":"http:\/\/lp-demo1.myjavo.com\/wp-content\/uploads\/sites\/21\/2017\/11\/running-cate.jpg"},"landing_page_parameter":"?category=Hotels%20%26%20Travel","overlay_color":"#4054b2","title_color":"#ffffff","des_color":"#ffffff","cf7_redirect_page":"24","landing_page":"9300","landing_listing_page":"9300","taxonomy":"listing_category","listing_category_term":"hotels-travel"},"elements":[],"isInner":false,"widgetType":"jvbpd-category-block","elType":"widget"}],"isInner":true,"elType":"column"},{"id":"512d3fd9","settings":{"_column_size":33,"_inline_size":null},"elements":[{"id":"30d78e0b","settings":{"block_title":"SPA","block_des":"Best spa In This City","image_size":"1-3","image":{"id":9865,"url":"http:\/\/lp-demo1.myjavo.com\/wp-content\/uploads\/sites\/21\/2017\/11\/hair-care-cate.jpg"},"landing_page":"9300","landing_page_parameter":"?category=Beauty%20%26%20Spa","overlay_color":"#4054b2","title_color":"#ffffff","des_color":"#ffffff","cf7_redirect_page":"24","landing_listing_page":"9300","taxonomy":"listing_category","listing_category_term":"beauty-spa"},"elements":[],"isInner":false,"widgetType":"jvbpd-category-block","elType":"widget"}],"isInner":true,"elType":"column"},{"id":"4800c9fc","settings":{"_column_size":33,"_inline_size":null},"elements":[{"id":"2f1f46cb","settings":{"block_title":"SHOPPING","block_des":"Best Shopping In This City","image_size":"1-3","image":{"id":9866,"url":"http:\/\/lp-demo1.myjavo.com\/wp-content\/uploads\/sites\/21\/2017\/11\/health-cate.jpg"},"landing_page":"9300","landing_page_parameter":"?category=Shopping","overlay_color":"#4054b2","title_color":"#ffffff","des_color":"#ffffff","cf7_redirect_page":"24","landing_listing_page":"9300","taxonomy":"listing_category","listing_category_term":"shopping"},"elements":[],"isInner":false,"widgetType":"jvbpd-category-block","elType":"widget"}],"isInner":true,"elType":"column"}],"isInner":true,"elType":"section"},{"id":"7fd85692","settings":{"space":{"unit":"px","size":67}},"elements":[],"isInner":false,"widgetType":"spacer","elType":"widget"}],"isInner":false,"elType":"column"}],"isInner":false,"elType":"section"},{"id":"4c30f7b8","settings":{"stretch_section":"section-stretched","layout":"full_width","background_background":"classic","background_color":"#f4f4f4"},"elements":[{"id":"2534716e","settings":{"_column_size":100,"_inline_size":null},"elements":[{"id":"67a1f30c","settings":{"space":{"unit":"px","size":67}},"elements":[],"isInner":false,"widgetType":"spacer","elType":"widget"},{"id":"64368d10","settings":{"title":"FEATURED LISTINGS","header_size":"h3","align":"center","title_color":"#454545","typography_typography":"custom","typography_font_size":{"unit":"px","size":26},"typography_font_family":"Poppins","typography_font_weight":"bold","typography_line_height":{"unit":"px","size":66},"typography_letter_spacing":{"unit":"px","size":1}},"elements":[],"isInner":false,"widgetType":"heading","elType":"widget"},{"id":"5f773688","settings":{"title":"Lorem Ipsum is simply dummy text of the printing and typesetting industry\n","size":"medium","header_size":"p","align":"center","title_color":"#454545","typography_typography":"custom","typography_font_size":{"unit":"px","size":16},"typography_font_family":"Poppins","typography_font_weight":"400"},"elements":[],"isInner":false,"widgetType":"heading","elType":"widget"},{"id":"50e2d078","settings":[],"elements":[{"id":"a718b63","settings":{"_column_size":100,"_inline_size":null},"elements":[{"id":"19649012","settings":{"jv_bpd_block2_column":"3","jv_bpd_block2_count":"3","jv_bpd_block2_order_by":"rand","custom_css":"Add your own CSS code","jv_bpd_block2_post_type":"lv_listing"},"elements":[],"isInner":false,"widgetType":"jvbpd-block2","elType":"widget"}],"isInner":true,"elType":"column"}],"isInner":true,"elType":"section"},{"id":"3b167442","settings":{"space":{"unit":"px","size":60}},"elements":[],"isInner":false,"widgetType":"spacer","elType":"widget"}],"isInner":false,"elType":"column"}],"isInner":false,"elType":"section"},{"id":"52e8399a","settings":{"stretch_section":"section-stretched","layout":"full_width"},"elements":[{"id":"4082e08f","settings":{"_column_size":100,"background_background":"classic","background_color":"#efefef"},"elements":[{"id":"2ac3844f","settings":{"space":{"unit":"px","size":30}},"elements":[],"isInner":false,"widgetType":"spacer","elType":"widget"},{"id":"7643c892","settings":{"title":"NEWSLETTER","header_size":"h3","align":"center","title_color":"#454545","typography_typography":"custom","typography_font_size":{"unit":"px","size":26},"typography_font_family":"Poppins","typography_font_weight":"bold","typography_line_height":{"unit":"px","size":66},"typography_letter_spacing":{"unit":"px","size":1}},"elements":[],"isInner":false,"widgetType":"heading","elType":"widget"},{"id":"404e9396","settings":{"title":"Lorem Ipsum is simply dummy text of the printing and typesetting industry\n","size":"medium","header_size":"p","align":"center","title_color":"#454545","typography_typography":"custom","typography_font_size":{"unit":"px","size":16},"typography_font_family":"Poppins","typography_font_weight":"400"},"elements":[],"isInner":false,"widgetType":"heading","elType":"widget"},{"id":"7b33f3f","settings":{"space":{"unit":"px","size":30}},"elements":[],"isInner":false,"widgetType":"spacer","elType":"widget"},{"id":"636eea62","settings":{"mailchimp_form":"9851"},"elements":[],"isInner":false,"widgetType":"jvbpd-mail-chimp","elType":"widget"},{"id":"500959cc","settings":{"space":{"unit":"px","size":120}},"elements":[],"isInner":false,"widgetType":"spacer","elType":"widget"}],"isInner":false,"elType":"column"}],"isInner":false,"elType":"section"}],"page_settings":{"hide_title":"yes","search_shortcode_in_header":""}}