{"version":"0.4","title":"Map Template Page","type":"page","content":[{"id":"58f35444","settings":{"css_classes":"javo-maps-search-wrap","margin":{"unit":"px","top":"0","right":0,"bottom":"0","left":0,"isLinked":true},"padding":{"unit":"px","top":"0","right":"0","bottom":"0","left":"0","isLinked":true},"background_image":{"url":"","id":""},"background_video_fallback":{"url":"","id":""},"background_hover_image":{"url":"","id":""},"background_hover_video_fallback":{"url":"","id":""},"background_overlay_image":{"url":"","id":""},"background_overlay_video_fallback":{"url":"","id":""},"background_overlay_hover_image":{"url":"","id":""},"background_overlay_hover_video_fallback":{"url":"","id":""}},"elements":[{"id":"23e62ab9","settings":{"_column_size":100,"background_image":{"url":"","id":""},"background_video_fallback":{"url":"","id":""},"background_hover_image":{"url":"","id":""},"background_hover_video_fallback":{"url":"","id":""},"background_overlay_image":{"url":"","id":""},"background_overlay_video_fallback":{"url":"","id":""},"background_overlay_hover_image":{"url":"","id":""},"background_overlay_hover_video_fallback":{"url":"","id":""}},"elements":[{"id":"69dbce8b","settings":{"structure":"60","margin":{"unit":"px","top":"0","right":0,"bottom":"0","left":0,"isLinked":true},"padding":{"unit":"px","top":"0","right":"0","bottom":"0","left":"0","isLinked":true},"background_image":{"url":"","id":""},"background_video_fallback":{"url":"","id":""},"background_hover_image":{"url":"","id":""},"background_hover_video_fallback":{"url":"","id":""},"background_overlay_image":{"url":"","id":""},"background_overlay_video_fallback":{"url":"","id":""},"background_overlay_hover_image":{"url":"","id":""},"background_overlay_hover_video_fallback":{"url":"","id":""}},"elements":[{"id":"3a2d1e6c","settings":{"_column_size":16,"_inline_size":13.897,"space_between_widgets":0,"margin":{"unit":"px","top":"0","right":"0","bottom":"0","left":"0","isLinked":true},"padding":{"unit":"px","top":"3","right":"3","bottom":"3","left":"3","isLinked":true},"background_image":{"url":"","id":""},"background_video_fallback":{"url":"","id":""},"background_hover_image":{"url":"","id":""},"background_hover_video_fallback":{"url":"","id":""},"background_overlay_image":{"url":"","id":""},"background_overlay_video_fallback":{"url":"","id":""},"background_overlay_hover_image":{"url":"","id":""},"background_overlay_hover_video_fallback":{"url":"","id":""}},"elements":[{"id":"548333f7","elType":"widget","settings":{"_background_image":{"url":"","id":""},"_background_video_fallback":{"url":"","id":""},"_background_hover_image":{"url":"","id":""},"_background_hover_video_fallback":{"url":"","id":""}},"elements":[],"widgetType":"jvbpd-map-rating-btn"}],"isInner":true,"elType":"column"},{"id":"6ca8f44a","settings":{"_column_size":16,"_inline_size":14.183,"space_between_widgets":0,"margin":{"unit":"px","top":"0","right":"0","bottom":"0","left":"0","isLinked":true},"padding":{"unit":"px","top":"3","right":"3","bottom":"3","left":"3","isLinked":true},"background_image":{"url":"","id":""},"background_video_fallback":{"url":"","id":""},"background_hover_image":{"url":"","id":""},"background_hover_video_fallback":{"url":"","id":""},"background_overlay_image":{"url":"","id":""},"background_overlay_video_fallback":{"url":"","id":""},"background_overlay_hover_image":{"url":"","id":""},"background_overlay_hover_video_fallback":{"url":"","id":""}},"elements":[{"id":"5a75f811","elType":"widget","settings":{"callback":"sort","_background_image":{"url":"","id":""},"_background_video_fallback":{"url":"","id":""},"_background_hover_image":{"url":"","id":""},"_background_hover_video_fallback":{"url":"","id":""}},"elements":[],"widgetType":"jvbpd-map-rating-btn"}],"isInner":true,"elType":"column"},{"id":"7d15b4af","settings":{"_column_size":16,"_inline_size":21.918,"space_between_widgets":0,"margin":{"unit":"px","top":"0","right":"0","bottom":"0","left":"0","isLinked":true},"padding":{"unit":"px","top":"3","right":"3","bottom":"3","left":"3","isLinked":true},"background_image":{"url":"","id":""},"background_video_fallback":{"url":"","id":""},"background_hover_image":{"url":"","id":""},"background_hover_video_fallback":{"url":"","id":""},"background_overlay_image":{"url":"","id":""},"background_overlay_video_fallback":{"url":"","id":""},"background_overlay_hover_image":{"url":"","id":""},"background_overlay_hover_video_fallback":{"url":"","id":""}},"elements":[{"id":"60b3454","elType":"widget","settings":{"callback":"most_reviewed","_background_image":{"url":"","id":""},"_background_video_fallback":{"url":"","id":""},"_background_hover_image":{"url":"","id":""},"_background_hover_video_fallback":{"url":"","id":""}},"elements":[],"widgetType":"jvbpd-map-rating-btn"}],"isInner":true,"elType":"column"},{"id":"6c608e45","settings":{"_column_size":16,"_inline_size":15.903,"space_between_widgets":0,"margin":{"unit":"px","top":"0","right":"0","bottom":"0","left":"0","isLinked":true},"padding":{"unit":"px","top":"3","right":"3","bottom":"3","left":"3","isLinked":true},"background_image":{"url":"","id":""},"background_video_fallback":{"url":"","id":""},"background_hover_image":{"url":"","id":""},"background_hover_video_fallback":{"url":"","id":""},"background_overlay_image":{"url":"","id":""},"background_overlay_video_fallback":{"url":"","id":""},"background_overlay_hover_image":{"url":"","id":""},"background_overlay_hover_video_fallback":{"url":"","id":""}},"elements":[{"id":"738382e6","elType":"widget","settings":{"callback":"favroites","_background_image":{"url":"","id":""},"_background_video_fallback":{"url":"","id":""},"_background_hover_image":{"url":"","id":""},"_background_hover_video_fallback":{"url":"","id":""}},"elements":[],"widgetType":"jvbpd-map-rating-btn"}],"isInner":true,"elType":"column"},{"id":"5a1249f3","settings":{"_column_size":16,"_inline_size":15.33,"space_between_widgets":0,"margin":{"unit":"px","top":"0","right":"0","bottom":"0","left":"0","isLinked":true},"padding":{"unit":"px","top":"3","right":"3","bottom":"3","left":"3","isLinked":true},"background_image":{"url":"","id":""},"background_video_fallback":{"url":"","id":""},"background_hover_image":{"url":"","id":""},"background_hover_video_fallback":{"url":"","id":""},"background_overlay_image":{"url":"","id":""},"background_overlay_video_fallback":{"url":"","id":""},"background_overlay_hover_image":{"url":"","id":""},"background_overlay_hover_video_fallback":{"url":"","id":""}},"elements":[{"id":"31de9c63","elType":"widget","settings":{"callback":"open_hour","_background_image":{"url":"","id":""},"_background_video_fallback":{"url":"","id":""},"_background_hover_image":{"url":"","id":""},"_background_hover_video_fallback":{"url":"","id":""}},"elements":[],"widgetType":"jvbpd-map-rating-btn"}],"isInner":true,"elType":"column"},{"id":"1337db","settings":{"_column_size":16,"_inline_size":18.765,"space_between_widgets":0,"margin":{"unit":"px","top":"0","right":"0","bottom":"0","left":"0","isLinked":true},"padding":{"unit":"px","top":"3","right":"3","bottom":"3","left":"3","isLinked":true},"background_image":{"url":"","id":""},"background_video_fallback":{"url":"","id":""},"background_hover_image":{"url":"","id":""},"background_hover_video_fallback":{"url":"","id":""},"background_overlay_image":{"url":"","id":""},"background_overlay_video_fallback":{"url":"","id":""},"background_overlay_hover_image":{"url":"","id":""},"background_overlay_hover_video_fallback":{"url":"","id":""}},"elements":[{"id":"12d92f88","elType":"widget","settings":{"callback":"module_type_switcher","_background_image":{"url":"","id":""},"_background_video_fallback":{"url":"","id":""},"_background_hover_image":{"url":"","id":""},"_background_hover_video_fallback":{"url":"","id":""}},"elements":[],"widgetType":"jvbpd-map-rating-btn"}],"isInner":true,"elType":"column"}],"isInner":true,"elType":"section"},{"id":"13fbe94e","settings":{"background_image":{"url":"","id":""},"background_video_fallback":{"url":"","id":""},"background_hover_image":{"url":"","id":""},"background_hover_video_fallback":{"url":"","id":""},"background_overlay_image":{"url":"","id":""},"background_overlay_video_fallback":{"url":"","id":""},"background_overlay_hover_image":{"url":"","id":""},"background_overlay_hover_video_fallback":{"url":"","id":""}},"elements":[{"id":"55d8eddf","settings":{"_column_size":100,"_inline_size":null,"background_image":{"url":"","id":""},"background_video_fallback":{"url":"","id":""},"background_hover_image":{"url":"","id":""},"background_hover_video_fallback":{"url":"","id":""},"background_overlay_image":{"url":"","id":""},"background_overlay_video_fallback":{"url":"","id":""},"background_overlay_hover_image":{"url":"","id":""},"background_overlay_hover_video_fallback":{"url":"","id":""}},"elements":[{"id":"5cee78ec","elType":"widget","settings":{"_background_image":{"url":"","id":""},"_background_video_fallback":{"url":"","id":""},"_background_hover_image":{"url":"","id":""},"_background_hover_video_fallback":{"url":"","id":""}},"elements":[],"widgetType":"jvbpd-map-more-tax"}],"isInner":true,"elType":"column"}],"isInner":true,"elType":"section"},{"id":"3bc3f1f8","settings":{"background_image":{"url":"","id":""},"background_video_fallback":{"url":"","id":""},"background_hover_image":{"url":"","id":""},"background_hover_video_fallback":{"url":"","id":""},"background_overlay_image":{"url":"","id":""},"background_overlay_video_fallback":{"url":"","id":""},"background_overlay_hover_image":{"url":"","id":""},"background_overlay_hover_video_fallback":{"url":"","id":""}},"elements":[{"id":"3ec0fada","settings":{"_column_size":100,"_inline_size":null,"background_image":{"url":"","id":""},"background_video_fallback":{"url":"","id":""},"background_hover_image":{"url":"","id":""},"background_hover_video_fallback":{"url":"","id":""},"background_overlay_image":{"url":"","id":""},"background_overlay_video_fallback":{"url":"","id":""},"background_overlay_hover_image":{"url":"","id":""},"background_overlay_hover_video_fallback":{"url":"","id":""}},"elements":[{"id":"2d9c5439","elType":"widget","settings":{"_background_image":{"url":"","id":""},"_background_video_fallback":{"url":"","id":""},"_background_hover_image":{"url":"","id":""},"_background_hover_video_fallback":{"url":"","id":""}},"elements":[],"widgetType":"jvbpd-map-amenities"}],"isInner":true,"elType":"column"}],"isInner":true,"elType":"section"}],"isInner":false,"elType":"column"}],"isInner":false,"elType":"section"},{"id":"507b3e35","settings":{"background_image":{"url":"","id":""},"background_video_fallback":{"url":"","id":""},"background_hover_image":{"url":"","id":""},"background_hover_video_fallback":{"url":"","id":""},"background_overlay_image":{"url":"","id":""},"background_overlay_video_fallback":{"url":"","id":""},"background_overlay_hover_image":{"url":"","id":""},"background_overlay_hover_video_fallback":{"url":"","id":""}},"elements":[{"id":"701b2724","settings":{"_column_size":100,"background_image":{"url":"","id":""},"background_video_fallback":{"url":"","id":""},"background_hover_image":{"url":"","id":""},"background_hover_video_fallback":{"url":"","id":""},"background_overlay_image":{"url":"","id":""},"background_overlay_video_fallback":{"url":"","id":""},"background_overlay_hover_image":{"url":"","id":""},"background_overlay_hover_video_fallback":{"url":"","id":""}},"elements":[{"id":"59bbd0b6","elType":"widget","settings":{"_background_image":{"url":"","id":""},"_background_video_fallback":{"url":"","id":""},"_background_hover_image":{"url":"","id":""},"_background_hover_video_fallback":{"url":"","id":""}},"elements":[],"widgetType":"jvbpd-map-listing-blocks"}],"isInner":false,"elType":"column"}],"isInner":false,"elType":"section"}]}