{"version":"0.4","title":"Single Listing Page V 0.0.0.2 (2017-11-30)","type":"page","content":[{"id":"4d89d207","settings":[],"elements":[{"id":"15dbdd03","settings":{"_column_size":100},"elements":[{"id":"5ef44c62","settings":{"header_switchers":[{"list_title":"Featured Image","list_class":"featured","list_icon":"jvbpd-icon2-image","_id":"96043b2"},{"list_title":"Grid Slider","list_class":"grid","list_icon":"jvbpd-icon3-layer","_id":"7373dea"},{"list_title":"3D(360) Image","list_class":"3dview","list_icon":"icon-viewer-icon-g","_id":"19fe600"},{"list_title":"Street View","list_class":"streetview","list_icon":"jvbpd-icon-user","_id":"174d213"},{"list_title":"Google Map","list_class":"map","list_icon":"jvbpd-icon-geolocalizator","_id":"9d284b6"},{"list_title":"Video","list_class":"video","list_icon":"jvbpd-icon-camera-video","_id":"2e84546"},{"list_title":"Category Image","list_class":"category","list_icon":"jvbpd-icon3-folder","_id":"adeb6d9"}],"second_header_switchers":[{"list_title":"Average","list_class":"score-review","list_icon":"","_id":"677fe84"},{"list_title":"Share","list_class":"share","list_icon":"jvbpd-icon2-flag","_id":"570ae5b"},{"list_title":"* Ratings","list_class":"amount-review","list_icon":"","_id":"650e40e"},{"list_title":"Submit Review","list_class":"submit-review","list_icon":"jvbpd-icon1-comment-o","_id":"7a5de6c"},{"list_title":"Favorite","list_class":"favorite","list_icon":"","_id":"5f32475"}]},"elements":[],"isInner":false,"widgetType":"jvbpd-single-title-line","elType":"widget"}],"isInner":false,"elType":"column"}],"isInner":false,"elType":"section"},{"id":"7d69e38","settings":{"structure":"22"},"elements":[{"id":"390603d7","settings":{"_column_size":66,"_inline_size":null},"elements":[{"id":"26a4c1af","settings":[],"elements":[],"isInner":false,"widgetType":"jvbpd-single-description","elType":"widget"},{"id":"7a4305e9","settings":[],"elements":[],"isInner":false,"widgetType":"jvbpd-single-amenities","elType":"widget"},{"id":"18b1def7","settings":[],"elements":[],"isInner":false,"widgetType":"jvbpd-team-members","elType":"widget"},{"id":"29128198","settings":[],"elements":[],"isInner":false,"widgetType":"jvbpd-single-gallery","elType":"widget"}],"isInner":false,"elType":"column"},{"id":"55113b60","settings":{"_column_size":33,"_inline_size":null},"elements":[{"id":"53bc8f75","settings":[],"elements":[],"isInner":false,"widgetType":"jvbpd-single-working-hours","elType":"widget"},{"id":"2dc2352f","settings":[],"elements":[],"isInner":false,"widgetType":"jvbpd-single-small-map","elType":"widget"},{"id":"22710458","settings":[],"elements":[],"isInner":false,"widgetType":"jvbpd-single-contact-info","elType":"widget"}],"isInner":false,"elType":"column"}],"isInner":false,"elType":"section"}]}